route_segment,hour,day_of_week,congestion_score
AGC_VGLJ,8,0,16.444
AGC_VGLJ,8,1,19.35
AGC_VGLJ,8,2,0.0
AGC_VGLJ,8,3,27.5
AGC_VGLJ,8,4,20.156
AGC_VGLJ,8,6,28.533
AGC_VGLJ,9,0,55.669
AGC_VGLJ,9,1,16.506
AGC_VGLJ,9,2,17.557
AGC_VGLJ,9,3,29.223
AGC_VGLJ,9,4,27.253
AGC_VGLJ,9,5,34.686
AGC_VGLJ,9,6,28.8
AGC_VGLJ,10,0,60.5
AGC_VGLJ,10,1,45.929
AGC_VGLJ,10,2,34.555
AGC_VGLJ,10,3,46.441
AGC_VGLJ,10,4,40.863
AGC_VGLJ,10,5,53.07
AGC_VGLJ,10,6,58.05
AGC_VGLJ,11,0,85.3
AGC_VGLJ,11,2,82.0
AGC_VGLJ,11,3,93.5
AGC_VGLJ,11,6,104.8
ALJN_TDL,11,1,8.25
ALJN_TDL,11,2,0.0
ALJN_TDL,11,6,22.1
ALJN_TDL,12,0,23.328
ALJN_TDL,12,1,13.889
ALJN_TDL,12,2,55.925
ALJN_TDL,12,3,40.267
ALJN_TDL,12,4,26.256
ALJN_TDL,12,5,22.958
ALJN_TDL,12,6,10.308
ALJN_TDL,13,0,39.912
ALJN_TDL,13,1,52.689
ALJN_TDL,13,2,56.433
ALJN_TDL,13,3,39.367
ALJN_TDL,13,4,52.836
ALJN_TDL,13,5,52.08
ALJN_TDL,13,6,24.822
ALJN_TDL,14,0,81.05
ALJN_TDL,14,1,75.66
ALJN_TDL,14,2,70.7
ALJN_TDL,14,3,95.55
ALJN_TDL,14,4,90.1
ALJN_TDL,14,5,79.925
ALJN_TDL,14,6,45.5
ALJN_TDL,15,0,141.7
ALJN_TDL,15,1,133.5
ALJN_TDL,15,2,136.967
ALJN_TDL,15,4,91.8
ALJN_TDL,15,5,95.2
ALJN_TDL,15,6,95.3
ALJN_TDL,16,3,153.5
ALJN_TDL,18,1,188.4
BCT_BRC,5,0,16.819
BCT_BRC,5,1,19.611
BCT_BRC,5,2,17.316
BCT_BRC,5,3,4.368
BCT_BRC,5,4,3.0
BCT_BRC,5,5,18.828
BCT_BRC,5,6,1.712
BCT_BRC,6,0,17.885
BCT_BRC,6,1,16.163
BCT_BRC,6,2,17.31
BCT_BRC,6,3,14.962
BCT_BRC,6,4,29.554
BCT_BRC,6,5,11.411
BCT_BRC,6,6,16.52
BCT_ST,5,0,4.372
BCT_ST,5,1,14.078
BCT_ST,5,2,8.004
BCT_ST,5,3,12.367
BCT_ST,5,4,25.77
BCT_ST,5,5,22.789
BCT_ST,5,6,29.042
BCT_ST,6,0,11.196
BCT_ST,6,1,20.23
BCT_ST,6,2,11.421
BCT_ST,6,3,14.869
BCT_ST,6,4,26.263
BCT_ST,6,5,8.888
BCT_ST,6,6,31.568
BPL_NGP,15,0,6.875
BPL_NGP,15,1,5.2
BPL_NGP,15,2,4.319
BPL_NGP,15,3,14.3
BPL_NGP,15,4,24.089
BPL_NGP,15,6,34.133
BPL_NGP,16,0,60.38
BPL_NGP,16,1,27.319
BPL_NGP,16,2,29.378
BPL_NGP,16,3,54.867
BPL_NGP,16,4,33.403
BPL_NGP,16,5,23.844
BPL_NGP,16,6,48.35
BPL_NGP,17,0,63.471
BPL_NGP,17,1,68.633
BPL_NGP,17,2,68.425
BPL_NGP,17,3,64.1
BPL_NGP,17,4,59.683
BPL_NGP,17,5,71.312
BPL_NGP,17,6,83.24
BPL_NGP,18,0,75.6
BPL_NGP,18,1,101.275
BPL_NGP,18,2,97.567
BPL_NGP,18,3,88.5
BPL_NGP,18,4,82.3
BPL_NGP,18,5,94.42
BPL_NGP,18,6,78.033
BPL_NGP,19,0,118.5
BPL_NGP,19,1,172.2
BPL_NGP,19,2,97.35
BPL_NGP,19,3,114.24
BPL_NGP,19,4,172.4
BPL_NGP,19,6,92.7
BPL_NGP,20,0,142.133
BPL_NGP,20,2,136.4
BPL_NGP,20,3,126.9
BPL_NGP,21,6,104.9
BRC_RTM,8,0,0.0
BRC_RTM,8,1,13.133
BRC_RTM,8,2,3.125
BRC_RTM,8,3,17.667
BRC_RTM,8,4,34.763
BRC_RTM,8,5,0.0
BRC_RTM,8,6,3.656
BRC_RTM,9,0,26.708
BRC_RTM,9,1,28.922
BRC_RTM,9,2,24.912
BRC_RTM,9,3,32.121
BRC_RTM,9,4,12.383
BRC_RTM,9,5,14.326
BRC_RTM,9,6,18.725
BRC_RTM,10,0,62.05
BRC_RTM,10,1,43.579
BRC_RTM,10,2,43.016
BRC_RTM,10,3,44.847
BRC_RTM,10,4,45.681
BRC_RTM,10,5,59.114
BRC_RTM,10,6,54.117
BRC_RTM,11,0,73.3
BRC_RTM,11,1,120.8
BRC_RTM,11,2,32.311
BRC_RTM,11,4,156.0
BRC_RTM,11,5,74.3
BRC_RTM,11,6,156.5
BRC_RTM,12,0,41.667
BRC_RTM,12,1,42.36
BRC_RTM,12,2,10.062
BRC_RTM,12,3,10.727
BRC_RTM,12,4,19.949
BRC_RTM,12,5,32.542
BRC_RTM,12,6,8.467
BRC_RTM,13,0,57.64
BRC_RTM,13,1,43.32
BRC_RTM,13,2,47.383
BRC_RTM,13,3,35.423
BRC_RTM,13,4,51.933
BRC_RTM,13,5,36.547
BRC_RTM,13,6,65.833
BRC_RTM,14,0,84.75
BRC_RTM,14,1,86.82
BRC_RTM,14,2,58.8
BRC_RTM,14,3,86.0
BRC_RTM,14,4,84.189
BRC_RTM,14,5,74.2
BRC_RTM,14,6,92.68
BRC_RTM,15,1,106.9
BRC_RTM,15,2,145.767
BRC_RTM,15,5,81.0
BRC_RTM,15,6,84.85
BRC_RTM,16,3,146.1
BRC_RTM,16,6,108.4
BRC_RTM,17,6,157.9
BRC_ST,15,0,3.722
BRC_ST,15,1,19.356
BRC_ST,15,2,20.022
BRC_ST,15,3,32.55
BRC_ST,15,4,27.533
BRC_ST,15,5,20.8
BRC_ST,15,6,33.7
BRC_ST,16,0,38.464
BRC_ST,16,1,26.933
BRC_ST,16,2,25.347
BRC_ST,16,3,44.16
BRC_ST,16,4,30.042
BRC_ST,16,5,33.132
BRC_ST,16,6,57.683
BRC_ST,17,0,62.2
BRC_ST,17,1,78.629
BRC_ST,17,2,65.6
BRC_ST,17,3,66.933
BRC_ST,17,4,61.491
BRC_ST,17,5,76.133
BRC_ST,17,6,53.083
BRC_ST,18,0,72.925
BRC_ST,18,1,89.88
BRC_ST,18,2,66.9
BRC_ST,18,3,85.02
BRC_ST,18,5,124.933
BRC_ST,18,6,81.4
BRC_ST,19,0,114.1
BRC_ST,19,1,139.2
BRC_ST,19,2,154.8
BRC_ST,19,3,111.3
BRC_ST,19,4,73.2
BRC_ST,19,6,137.5
BRC_ST,20,0,128.4
BRC_ST,20,1,133.0
BRC_ST,20,3,146.067
BRC_ST,20,4,150.6
BRC_ST,20,5,134.8
BRC_ST,20,6,154.35
BRC_ST,21,0,147.85
BRC_ST,22,6,215.3
CNB_LKO,0,1,128.4
CNB_LKO,0,3,90.2
CNB_LKO,0,4,164.35
CNB_LKO,0,5,122.9
CNB_LKO,0,6,112.4
CNB_LKO,1,0,139.8
CNB_LKO,1,2,148.8
CNB_LKO,1,4,127.6
CNB_LKO,2,1,225.8
CNB_LKO,2,3,160.4
CNB_LKO,2,5,247.5
CNB_LKO,3,3,197.3
CNB_LKO,3,4,170.7
CNB_LKO,6,2,191.7
CNB_LKO,18,0,0.0
CNB_LKO,18,1,9.844
CNB_LKO,18,2,112.0
CNB_LKO,18,4,0.0
CNB_LKO,18,5,33.7
CNB_LKO,18,6,11.6
CNB_LKO,19,0,18.263
CNB_LKO,19,1,28.3
CNB_LKO,19,3,35.4
CNB_LKO,19,4,45.0
CNB_LKO,19,5,34.867
CNB_LKO,19,6,25.486
CNB_LKO,20,0,65.333
CNB_LKO,20,1,62.167
CNB_LKO,20,2,52.98
CNB_LKO,20,3,36.58
CNB_LKO,20,4,50.8
CNB_LKO,20,5,55.22
CNB_LKO,20,6,65.433
CNB_LKO,21,0,91.5
CNB_LKO,21,1,59.267
CNB_LKO,21,2,79.1
CNB_LKO,21,3,63.9
CNB_LKO,21,4,74.529
CNB_LKO,21,5,82.6
CNB_LKO,21,6,72.238
CNB_LKO,22,0,102.04
CNB_LKO,22,1,92.86
CNB_LKO,22,2,113.875
CNB_LKO,22,3,123.6
CNB_LKO,22,4,108.3
CNB_LKO,22,5,111.525
CNB_LKO,22,6,62.2
CNB_LKO,23,0,190.0
CNB_LKO,23,1,117.825
CNB_LKO,23,2,128.55
CNB_LKO,23,3,130.45
CNB_LKO,23,4,154.25
CNB_LKO,23,5,130.233
CNB_NDLS,0,1,136.35
CNB_NDLS,0,2,94.6
CNB_NDLS,0,3,147.05
CNB_NDLS,0,4,122.35
CNB_NDLS,0,5,101.5
CNB_NDLS,0,6,172.85
CNB_NDLS,1,0,126.8
CNB_NDLS,1,1,155.6
CNB_NDLS,1,2,126.8
CNB_NDLS,1,3,132.35
CNB_NDLS,1,4,143.2
CNB_NDLS,1,5,165.6
CNB_NDLS,2,4,233.85
CNB_NDLS,4,1,205.9
CNB_NDLS,4,2,201.2
CNB_NDLS,6,3,257.6
CNB_NDLS,18,4,0.0
CNB_NDLS,18,5,0.0
CNB_NDLS,18,6,71.5
CNB_NDLS,19,0,31.472
CNB_NDLS,19,1,29.05
CNB_NDLS,19,2,78.9
CNB_NDLS,19,3,22.867
CNB_NDLS,19,4,16.0
CNB_NDLS,19,5,55.85
CNB_NDLS,19,6,25.425
CNB_NDLS,20,0,54.5
CNB_NDLS,20,1,49.35
CNB_NDLS,20,2,56.8
CNB_NDLS,20,3,88.975
CNB_NDLS,20,4,52.2
CNB_NDLS,20,5,58.271
CNB_NDLS,20,6,58.2
CNB_NDLS,21,0,91.0
CNB_NDLS,21,1,83.65
CNB_NDLS,21,2,103.133
CNB_NDLS,21,3,55.333
CNB_NDLS,21,4,99.967
CNB_NDLS,21,5,66.85
CNB_NDLS,21,6,68.58
CNB_NDLS,22,0,76.7
CNB_NDLS,22,1,77.85
CNB_NDLS,22,2,85.533
CNB_NDLS,22,3,106.175
CNB_NDLS,22,4,89.96
CNB_NDLS,22,5,118.5
CNB_NDLS,22,6,97.275
CNB_NDLS,23,0,147.05
CNB_NDLS,23,1,144.65
CNB_NDLS,23,2,120.733
CNB_NDLS,23,3,113.4
CNB_NDLS,23,4,136.8
CNB_NDLS,23,5,114.9
CNB_NDLS,23,6,111.2
CNB_PRYJ,8,0,7.325
CNB_PRYJ,8,1,11.263
CNB_PRYJ,8,2,24.0
CNB_PRYJ,8,3,6.422
CNB_PRYJ,8,4,2.469
CNB_PRYJ,8,5,43.6
CNB_PRYJ,8,6,22.067
CNB_PRYJ,9,0,20.685
CNB_PRYJ,9,1,14.688
CNB_PRYJ,9,2,20.506
CNB_PRYJ,9,3,23.719
CNB_PRYJ,9,4,13.336
CNB_PRYJ,9,5,24.209
CNB_PRYJ,9,6,13.902
CNB_PRYJ,10,0,40.661
CNB_PRYJ,10,1,37.184
CNB_PRYJ,10,2,46.677
CNB_PRYJ,10,3,46.737
CNB_PRYJ,10,4,30.789
CNB_PRYJ,10,5,36.976
CNB_PRYJ,10,6,36.564
CNB_PRYJ,11,0,79.38
CNB_PRYJ,11,1,106.625
CNB_PRYJ,11,2,86.275
CNB_PRYJ,11,3,90.067
CNB_PRYJ,11,4,82.333
CNB_PRYJ,11,5,67.56
CNB_PRYJ,11,6,75.762
CNB_PRYJ,12,0,108.0
CNB_PRYJ,12,5,88.45
DDU_GKP,14,1,0.0
DDU_GKP,14,2,33.7
DDU_GKP,15,0,31.6
DDU_GKP,15,1,19.956
DDU_GKP,15,2,31.35
DDU_GKP,15,3,31.82
DDU_GKP,15,4,5.311
DDU_GKP,15,5,36.133
DDU_GKP,15,6,12.956
DDU_GKP,16,0,41.15
DDU_GKP,16,1,45.95
DDU_GKP,16,2,44.629
DDU_GKP,16,3,35.925
DDU_GKP,16,4,32.069
DDU_GKP,16,5,22.608
DDU_GKP,16,6,18.15
DDU_GKP,17,0,52.45
DDU_GKP,17,1,87.5
DDU_GKP,17,2,59.233
DDU_GKP,17,3,66.14
DDU_GKP,17,4,69.75
DDU_GKP,17,5,61.84
DDU_GKP,17,6,64.025
DDU_GKP,18,0,125.367
DDU_GKP,18,1,109.4
DDU_GKP,18,2,80.3
DDU_GKP,18,3,98.1
DDU_GKP,18,4,118.9
DDU_GKP,18,5,94.7
DDU_GKP,18,6,115.933
DDU_GKP,19,0,94.6
DDU_GKP,19,1,89.975
DDU_GKP,19,2,86.2
DDU_GKP,19,3,121.075
DDU_GKP,19,4,111.367
DDU_GKP,19,5,117.8
DDU_GKP,19,6,98.9
DDU_GKP,20,2,147.7
DDU_GKP,20,3,117.0
DDU_GKP,20,5,109.8
DDU_GKP,20,6,126.7
DDU_GKP,21,0,184.3
DDU_GKP,23,0,167.1
DDU_HWH,17,1,0.0
DDU_HWH,17,2,24.694
DDU_HWH,17,3,0.0
DDU_HWH,17,4,17.022
DDU_HWH,17,5,12.422
DDU_HWH,17,6,0.0
DDU_HWH,18,0,19.812
DDU_HWH,18,1,36.378
DDU_HWH,18,2,34.814
DDU_HWH,18,3,29.55
DDU_HWH,18,4,33.786
DDU_HWH,18,5,49.05
DDU_HWH,18,6,33.289
DDU_HWH,19,0,53.629
DDU_HWH,19,1,61.767
DDU_HWH,19,2,60.0
DDU_HWH,19,3,58.575
DDU_HWH,19,4,56.25
DDU_HWH,19,5,53.46
DDU_HWH,19,6,50.95
DDU_HWH,20,0,93.28
DDU_HWH,20,1,79.2
DDU_HWH,20,2,79.833
DDU_HWH,20,3,89.24
DDU_HWH,20,4,76.1
DDU_HWH,20,5,88.4
DDU_HWH,20,6,105.533
DDU_HWH,21,0,62.65
DDU_HWH,21,1,91.933
DDU_HWH,21,2,96.233
DDU_HWH,21,3,119.75
DDU_HWH,21,4,124.3
DDU_HWH,21,5,102.8
DDU_HWH,21,6,96.98
DDU_HWH,22,0,142.4
DDU_HWH,22,1,142.9
DDU_HWH,22,2,113.1
DDU_HWH,22,3,104.8
DDU_HWH,22,5,124.075
DDU_HWH,23,0,146.7
DDU_HWH,23,2,133.2
DDU_HWH,23,4,160.9
DDU_HWH,23,6,188.2
DDU_PPTA,14,4,0.0
DDU_PPTA,15,0,10.575
DDU_PPTA,15,1,12.075
DDU_PPTA,15,2,35.125
DDU_PPTA,15,3,9.428
DDU_PPTA,15,4,5.788
DDU_PPTA,15,5,19.3
DDU_PPTA,15,6,29.729
DDU_PPTA,16,0,51.212
DDU_PPTA,16,1,20.772
DDU_PPTA,16,2,60.633
DDU_PPTA,16,3,51.0
DDU_PPTA,16,4,42.35
DDU_PPTA,16,5,35.778
DDU_PPTA,16,6,39.2
DDU_PPTA,17,0,95.825
DDU_PPTA,17,1,76.46
DDU_PPTA,17,2,72.462
DDU_PPTA,17,3,69.05
DDU_PPTA,17,4,61.0
DDU_PPTA,17,5,89.538
DDU_PPTA,17,6,41.233
DDU_PPTA,18,0,73.333
DDU_PPTA,18,1,85.233
DDU_PPTA,18,2,91.6
DDU_PPTA,18,3,54.65
DDU_PPTA,18,4,94.1
DDU_PPTA,18,5,80.825
DDU_PPTA,18,6,73.9
DDU_PPTA,19,0,120.55
DDU_PPTA,19,1,100.0
DDU_PPTA,19,2,75.05
DDU_PPTA,19,3,160.0
DDU_PPTA,19,4,148.2
DDU_PPTA,19,5,96.9
DDU_PPTA,19,6,107.05
DDU_PPTA,20,0,192.1
DDU_PPTA,20,1,146.45
DDU_PPTA,20,3,154.2
DDU_PPTA,20,4,113.2
DDU_PPTA,20,6,119.8
DDU_PPTA,21,0,113.6
DDU_PPTA,21,1,160.2
DDU_PPTA,21,2,154.7
DDU_PPTA,21,3,183.1
DDU_PPTA,21,4,183.55
DDU_PPTA,22,2,219.6
DDU_PRYJ,11,5,21.3
DDU_PRYJ,11,6,17.2
DDU_PRYJ,12,0,14.911
DDU_PRYJ,12,1,25.6
DDU_PRYJ,12,2,39.35
DDU_PRYJ,12,3,55.14
DDU_PRYJ,12,4,20.849
DDU_PRYJ,12,5,34.824
DDU_PRYJ,12,6,23.588
DDU_PRYJ,13,0,53.811
DDU_PRYJ,13,1,41.214
DDU_PRYJ,13,2,63.182
DDU_PRYJ,13,3,56.744
DDU_PRYJ,13,4,44.4
DDU_PRYJ,13,5,50.912
DDU_PRYJ,13,6,65.95
DDU_PRYJ,14,0,80.25
DDU_PRYJ,14,1,75.533
DDU_PRYJ,14,2,90.4
DDU_PRYJ,14,3,110.54
DDU_PRYJ,14,4,69.15
DDU_PRYJ,14,5,83.475
DDU_PRYJ,14,6,76.95
DDU_PRYJ,15,0,94.35
DDU_PRYJ,15,1,101.2
DDU_PRYJ,15,2,106.95
DDU_PRYJ,15,3,103.433
DDU_PRYJ,15,4,88.6
DDU_PRYJ,15,6,92.25
DDU_PRYJ,16,0,144.4
DDU_PRYJ,16,1,153.5
DDU_PRYJ,18,2,187.3
DMM_GTL,8,0,7.875
DMM_GTL,8,1,16.375
DMM_GTL,8,3,5.725
DMM_GTL,8,4,0.0
DMM_GTL,8,5,0.0
DMM_GTL,8,6,19.267
DMM_GTL,9,0,21.907
DMM_GTL,9,1,5.6
DMM_GTL,9,2,35.033
DMM_GTL,9,3,22.337
DMM_GTL,9,4,31.179
DMM_GTL,9,5,32.109
DMM_GTL,9,6,34.292
DMM_GTL,10,0,42.12
DMM_GTL,10,1,55.3
DMM_GTL,10,2,52.843
DMM_GTL,10,3,51.267
DMM_GTL,10,4,40.075
DMM_GTL,10,5,37.347
DMM_GTL,10,6,38.514
DMM_GTL,11,3,75.1
DMM_GTL,11,4,97.7
DMM_GTL,11,5,122.4
DMM_GTL,12,2,150.2
GKP_DDU,8,0,36.2
GKP_DDU,8,2,7.95
GKP_DDU,8,3,22.4
GKP_DDU,8,5,3.111
GKP_DDU,8,6,17.125
GKP_DDU,9,0,29.257
GKP_DDU,9,1,24.219
GKP_DDU,9,2,41.01
GKP_DDU,9,3,37.686
GKP_DDU,9,4,18.628
GKP_DDU,9,5,22.625
GKP_DDU,9,6,20.456
GKP_DDU,10,0,57.673
GKP_DDU,10,1,33.072
GKP_DDU,10,2,49.2
GKP_DDU,10,3,48.059
GKP_DDU,10,4,51.25
GKP_DDU,10,5,50.217
GKP_DDU,10,6,53.383
GKP_DDU,11,1,88.9
GKP_DDU,11,2,73.3
GKP_DDU,11,6,74.4
GKP_DDU,12,2,182.5
GKP_HWH,0,0,153.6
GKP_HWH,0,1,177.65
GKP_HWH,0,2,132.4
GKP_HWH,0,3,107.4
GKP_HWH,0,4,110.4
GKP_HWH,0,5,140.25
GKP_HWH,0,6,115.6
GKP_HWH,1,0,135.7
GKP_HWH,1,4,171.8
GKP_HWH,1,6,161.4
GKP_HWH,2,3,154.7
GKP_HWH,4,1,190.5
GKP_HWH,5,1,176.4
GKP_HWH,18,0,33.5
GKP_HWH,18,1,23.225
GKP_HWH,18,2,45.3
GKP_HWH,18,3,23.3
GKP_HWH,18,4,19.244
GKP_HWH,18,6,9.675
GKP_HWH,19,0,37.96
GKP_HWH,19,1,45.175
GKP_HWH,19,2,27.113
GKP_HWH,19,3,42.72
GKP_HWH,19,4,29.883
GKP_HWH,19,5,36.367
GKP_HWH,19,6,11.762
GKP_HWH,20,0,58.467
GKP_HWH,20,1,88.825
GKP_HWH,20,2,54.94
GKP_HWH,20,3,47.725
GKP_HWH,20,4,38.95
GKP_HWH,20,5,30.625
GKP_HWH,20,6,35.75
GKP_HWH,21,0,72.367
GKP_HWH,21,1,73.3
GKP_HWH,21,2,84.0
GKP_HWH,21,3,64.967
GKP_HWH,21,4,62.267
GKP_HWH,21,5,66.3
GKP_HWH,21,6,70.375
GKP_HWH,22,0,116.6
GKP_HWH,22,1,102.2
GKP_HWH,22,2,77.75
GKP_HWH,22,3,82.95
GKP_HWH,22,4,101.867
GKP_HWH,22,5,119.533
GKP_HWH,22,6,64.1
GKP_HWH,23,0,154.9
GKP_HWH,23,1,97.8
GKP_HWH,23,2,96.1
GKP_HWH,23,3,115.767
GKP_HWH,23,4,135.2
GKP_HWH,23,5,152.1
GKP_HWH,23,6,137.825
GTL_SC,11,4,16.775
GTL_SC,11,5,20.9
GTL_SC,12,0,31.91
GTL_SC,12,1,20.941
GTL_SC,12,2,14.604
GTL_SC,12,3,27.714
GTL_SC,12,4,24.35
GTL_SC,12,5,14.483
GTL_SC,12,6,15.859
GTL_SC,13,0,26.655
GTL_SC,13,1,37.52
GTL_SC,13,2,61.308
GTL_SC,13,3,53.54
GTL_SC,13,4,58.922
GTL_SC,13,5,50.3
GTL_SC,13,6,50.116
GTL_SC,14,0,72.633
GTL_SC,14,1,68.633
GTL_SC,14,2,59.767
GTL_SC,14,3,77.2
GTL_SC,14,4,79.9
GTL_SC,14,5,72.567
GTL_SC,14,6,109.325
GTL_SC,15,1,86.6
GTL_SC,15,2,122.2
GTL_SC,15,3,85.1
GTL_SC,15,5,122.6
GTL_SC,15,6,103.9
GTL_SC,16,4,107.2
GTL_SC,16,5,137.5
GTL_SC,18,2,143.7
GZB_ALJN,8,0,18.3
GZB_ALJN,8,1,3.456
GZB_ALJN,8,2,7.5
GZB_ALJN,8,4,28.733
GZB_ALJN,8,5,22.1
GZB_ALJN,8,6,0.0
GZB_ALJN,9,0,34.531
GZB_ALJN,9,1,35.271
GZB_ALJN,9,2,42.893
GZB_ALJN,9,3,39.51
GZB_ALJN,9,4,33.397
GZB_ALJN,9,5,42.117
GZB_ALJN,9,6,16.875
GZB_ALJN,10,0,38.784
GZB_ALJN,10,1,61.986
GZB_ALJN,10,2,58.986
GZB_ALJN,10,3,37.95
GZB_ALJN,10,4,45.817
GZB_ALJN,10,5,44.517
GZB_ALJN,10,6,12.504
GZB_ALJN,11,3,114.1
GZB_ALJN,11,6,94.9
GZB_ALJN,12,1,176.5
HWH_GKP,5,0,27.825
HWH_GKP,5,1,27.731
HWH_GKP,5,2,9.968
HWH_GKP,5,3,36.794
HWH_GKP,5,4,22.403
HWH_GKP,5,5,9.542
HWH_GKP,5,6,10.625
HWH_GKP,6,0,22.657
HWH_GKP,6,1,14.297
HWH_GKP,6,2,23.462
HWH_GKP,6,3,14.943
HWH_GKP,6,4,11.681
HWH_GKP,6,5,14.38
HWH_GKP,6,6,15.36
KOTA_NDLS,0,0,142.4
KOTA_NDLS,0,2,156.95
KOTA_NDLS,0,4,130.8
KOTA_NDLS,0,5,151.633
KOTA_NDLS,0,6,103.4
KOTA_NDLS,1,0,149.7
KOTA_NDLS,1,1,145.1
KOTA_NDLS,1,4,127.1
KOTA_NDLS,2,0,139.2
KOTA_NDLS,2,3,166.6
KOTA_NDLS,2,4,141.0
KOTA_NDLS,4,4,195.1
KOTA_NDLS,5,0,175.3
KOTA_NDLS,5,3,219.5
KOTA_NDLS,14,2,0.0
KOTA_NDLS,15,0,26.1
KOTA_NDLS,15,1,14.711
KOTA_NDLS,15,2,23.6
KOTA_NDLS,15,3,19.3
KOTA_NDLS,15,4,24.143
KOTA_NDLS,15,5,5.778
KOTA_NDLS,15,6,19.2
KOTA_NDLS,16,0,30.48
KOTA_NDLS,16,1,35.119
KOTA_NDLS,16,2,48.303
KOTA_NDLS,16,3,36.914
KOTA_NDLS,16,4,29.847
KOTA_NDLS,16,5,32.535
KOTA_NDLS,16,6,37.3
KOTA_NDLS,17,0,47.225
KOTA_NDLS,17,1,52.36
KOTA_NDLS,17,2,71.15
KOTA_NDLS,17,3,79.15
KOTA_NDLS,17,4,76.867
KOTA_NDLS,17,5,67.275
KOTA_NDLS,17,6,62.767
KOTA_NDLS,18,0,44.925
KOTA_NDLS,18,1,78.3
KOTA_NDLS,18,2,31.734
KOTA_NDLS,18,3,75.96
KOTA_NDLS,18,4,82.1
KOTA_NDLS,18,5,74.4
KOTA_NDLS,18,6,94.7
KOTA_NDLS,19,0,89.25
KOTA_NDLS,19,1,63.786
KOTA_NDLS,19,2,55.344
KOTA_NDLS,19,3,51.791
KOTA_NDLS,19,4,54.384
KOTA_NDLS,19,5,20.496
KOTA_NDLS,19,6,16.133
KOTA_NDLS,20,0,63.025
KOTA_NDLS,20,1,66.1
KOTA_NDLS,20,2,78.578
KOTA_NDLS,20,3,68.3
KOTA_NDLS,20,4,73.8
KOTA_NDLS,20,5,83.433
KOTA_NDLS,21,0,75.225
KOTA_NDLS,21,1,100.55
KOTA_NDLS,21,2,47.2
KOTA_NDLS,21,3,86.7
KOTA_NDLS,21,4,64.0
KOTA_NDLS,21,5,84.157
KOTA_NDLS,21,6,94.433
KOTA_NDLS,22,0,124.989
KOTA_NDLS,22,1,92.725
KOTA_NDLS,22,2,61.2
KOTA_NDLS,22,3,80.35
KOTA_NDLS,22,4,89.15
KOTA_NDLS,22,5,106.24
KOTA_NDLS,22,6,80.25
KOTA_NDLS,23,0,85.6
KOTA_NDLS,23,1,106.05
KOTA_NDLS,23,2,128.8
KOTA_NDLS,23,3,123.15
KOTA_NDLS,23,4,132.675
KOTA_NDLS,23,6,131.967
KOTA_RTM,8,0,0.0
KOTA_RTM,8,1,5.05
KOTA_RTM,8,2,10.644
KOTA_RTM,8,3,9.125
KOTA_RTM,8,4,8.444
KOTA_RTM,8,5,42.8
KOTA_RTM,8,6,6.275
KOTA_RTM,9,0,15.667
KOTA_RTM,9,1,37.314
KOTA_RTM,9,2,12.45
KOTA_RTM,9,3,28.646
KOTA_RTM,9,4,28.391
KOTA_RTM,9,5,26.272
KOTA_RTM,9,6,27.244
KOTA_RTM,10,0,81.344
KOTA_RTM,10,1,48.508
KOTA_RTM,10,2,24.822
KOTA_RTM,10,3,76.571
KOTA_RTM,10,4,38.675
KOTA_RTM,10,5,27.311
KOTA_RTM,10,6,62.1
KOTA_RTM,11,0,117.3
NDLS_AGC,5,0,32.482
NDLS_AGC,5,1,10.735
NDLS_AGC,5,2,17.25
NDLS_AGC,5,3,14.849
NDLS_AGC,5,4,17.639
NDLS_AGC,5,5,24.581
NDLS_AGC,5,6,13.511
NDLS_AGC,6,0,21.112
NDLS_AGC,6,1,17.663
NDLS_AGC,6,2,11.165
NDLS_AGC,6,3,27.642
NDLS_AGC,6,4,9.045
NDLS_AGC,6,5,30.188
NDLS_AGC,6,6,15.025
NDLS_ASR,0,0,235.7
NDLS_ASR,0,1,151.2
NDLS_ASR,0,2,116.35
NDLS_ASR,0,4,147.4
NDLS_ASR,0,5,123.7
NDLS_ASR,0,6,113.5
NDLS_ASR,1,2,171.9
NDLS_ASR,1,3,115.0
NDLS_ASR,1,4,139.5
NDLS_ASR,1,5,163.1
NDLS_ASR,2,2,122.4
NDLS_ASR,2,6,164.5
NDLS_ASR,3,6,225.6
NDLS_ASR,4,1,183.6
NDLS_ASR,5,1,256.9
NDLS_ASR,6,0,248.0
NDLS_ASR,6,5,232.5
NDLS_ASR,18,0,0.0
NDLS_ASR,18,1,28.1
NDLS_ASR,18,2,23.8
NDLS_ASR,18,3,0.0
NDLS_ASR,18,4,35.133
NDLS_ASR,18,5,8.125
NDLS_ASR,18,6,8.7
NDLS_ASR,19,0,29.3
NDLS_ASR,19,1,14.111
NDLS_ASR,19,2,42.35
NDLS_ASR,19,3,16.575
NDLS_ASR,19,4,48.88
NDLS_ASR,19,5,42.7
NDLS_ASR,19,6,31.58
NDLS_ASR,20,0,45.894
NDLS_ASR,20,1,74.475
NDLS_ASR,20,2,53.243
NDLS_ASR,20,3,57.667
NDLS_ASR,20,4,61.767
NDLS_ASR,20,5,57.98
NDLS_ASR,20,6,62.42
NDLS_ASR,21,0,73.36
NDLS_ASR,21,1,61.25
NDLS_ASR,21,2,105.775
NDLS_ASR,21,3,67.7
NDLS_ASR,21,4,63.9
NDLS_ASR,21,5,63.633
NDLS_ASR,21,6,64.1
NDLS_ASR,22,0,83.0
NDLS_ASR,22,1,63.65
NDLS_ASR,22,2,83.15
NDLS_ASR,22,3,118.25
NDLS_ASR,22,4,101.8
NDLS_ASR,22,5,75.133
NDLS_ASR,22,6,91.7
NDLS_ASR,23,0,108.933
NDLS_ASR,23,1,112.1
NDLS_ASR,23,2,115.9
NDLS_ASR,23,3,119.475
NDLS_ASR,23,4,103.6
NDLS_ASR,23,5,95.25
NDLS_ASR,23,6,116.4
NDLS_CNB,5,0,14.952
NDLS_CNB,5,1,19.324
NDLS_CNB,5,2,17.496
NDLS_CNB,5,3,11.352
NDLS_CNB,5,4,10.198
NDLS_CNB,5,5,22.011
NDLS_CNB,5,6,16.504
NDLS_CNB,6,0,16.067
NDLS_CNB,6,1,16.188
NDLS_CNB,6,2,17.452
NDLS_CNB,6,3,25.44
NDLS_CNB,6,4,12.868
NDLS_CNB,6,5,12.99
NDLS_CNB,6,6,19.228
NDLS_GZB,5,0,12.904
NDLS_GZB,5,1,11.339
NDLS_GZB,5,2,21.898
NDLS_GZB,5,3,19.4
NDLS_GZB,5,4,16.203
NDLS_GZB,5,5,34.153
NDLS_GZB,5,6,25.0
NDLS_GZB,6,0,15.939
NDLS_GZB,6,1,30.837
NDLS_GZB,6,2,24.078
NDLS_GZB,6,3,25.316
NDLS_GZB,6,4,24.633
NDLS_GZB,6,5,15.172
NDLS_GZB,6,6,6.896
NDLS_KOTA,5,0,8.006
NDLS_KOTA,5,1,13.475
NDLS_KOTA,5,2,12.25
NDLS_KOTA,5,3,22.89
NDLS_KOTA,5,4,3.756
NDLS_KOTA,5,5,16.988
NDLS_KOTA,5,6,11.184
NDLS_KOTA,6,0,26.302
NDLS_KOTA,6,1,16.902
NDLS_KOTA,6,2,4.104
NDLS_KOTA,6,3,15.021
NDLS_KOTA,6,4,17.209
NDLS_KOTA,6,5,7.497
NDLS_KOTA,6,6,28.955
NGP_MAS,0,0,91.9
NGP_MAS,0,1,134.367
NGP_MAS,0,3,98.5
NGP_MAS,0,4,158.98
NGP_MAS,0,6,133.7
NGP_MAS,1,0,111.8
NGP_MAS,1,2,222.4
NGP_MAS,1,3,140.3
NGP_MAS,1,4,132.9
NGP_MAS,1,5,181.7
NGP_MAS,2,1,219.05
NGP_MAS,18,0,10.175
NGP_MAS,18,1,13.844
NGP_MAS,18,2,0.0
NGP_MAS,18,4,27.3
NGP_MAS,19,1,39.72
NGP_MAS,19,2,12.3
NGP_MAS,19,3,25.844
NGP_MAS,19,4,25.4
NGP_MAS,19,5,0.0
NGP_MAS,19,6,29.296
NGP_MAS,20,0,52.76
NGP_MAS,20,1,52.933
NGP_MAS,20,2,47.733
NGP_MAS,20,3,78.06
NGP_MAS,20,4,64.167
NGP_MAS,20,5,58.4
NGP_MAS,20,6,52.425
NGP_MAS,21,0,79.933
NGP_MAS,21,1,59.8
NGP_MAS,21,2,69.4
NGP_MAS,21,3,81.825
NGP_MAS,21,4,75.65
NGP_MAS,21,5,63.22
NGP_MAS,21,6,105.18
NGP_MAS,22,0,107.1
NGP_MAS,22,1,109.5
NGP_MAS,22,2,102.0
NGP_MAS,22,3,86.9
NGP_MAS,22,4,99.833
NGP_MAS,22,5,97.72
NGP_MAS,22,6,100.767
NGP_MAS,23,1,112.25
NGP_MAS,23,2,108.0
NGP_MAS,23,3,80.7
NGP_MAS,23,4,98.3
NGP_MAS,23,5,117.44
NGP_MAS,23,6,113.15
NGP_NDLS,0,0,112.4
NGP_NDLS,0,1,115.15
NGP_NDLS,0,2,125.733
NGP_NDLS,0,3,149.5
NGP_NDLS,0,4,106.633
NGP_NDLS,0,5,153.5
NGP_NDLS,0,6,116.6
NGP_NDLS,1,0,176.3
NGP_NDLS,1,3,144.0
NGP_NDLS,1,5,116.5
NGP_NDLS,1,6,137.9
NGP_NDLS,3,6,155.3
NGP_NDLS,5,3,169.1
NGP_NDLS,18,0,6.725
NGP_NDLS,18,1,5.825
NGP_NDLS,18,2,14.75
NGP_NDLS,18,3,24.6
NGP_NDLS,18,4,28.4
NGP_NDLS,18,5,23.933
NGP_NDLS,18,6,30.4
NGP_NDLS,19,0,28.767
NGP_NDLS,19,1,40.375
NGP_NDLS,19,3,46.02
NGP_NDLS,19,4,31.675
NGP_NDLS,19,5,41.333
NGP_NDLS,19,6,39.133
NGP_NDLS,20,0,36.8
NGP_NDLS,20,1,47.05
NGP_NDLS,20,2,50.475
NGP_NDLS,20,3,59.35
NGP_NDLS,20,4,63.45
NGP_NDLS,20,5,82.5
NGP_NDLS,20,6,41.125
NGP_NDLS,21,0,65.26
NGP_NDLS,21,1,79.7
NGP_NDLS,21,2,82.211
NGP_NDLS,21,3,67.467
NGP_NDLS,21,4,83.8
NGP_NDLS,21,5,79.82
NGP_NDLS,21,6,69.833
NGP_NDLS,22,0,109.467
NGP_NDLS,22,1,90.4
NGP_NDLS,22,2,151.2
NGP_NDLS,22,3,85.7
NGP_NDLS,22,4,79.6
NGP_NDLS,22,5,99.35
NGP_NDLS,22,6,100.2
NGP_NDLS,23,0,115.5
NGP_NDLS,23,1,142.6
NGP_NDLS,23,2,138.9
NGP_NDLS,23,3,82.6
NGP_NDLS,23,4,118.133
NGP_NDLS,23,5,89.05
NGP_NDLS,23,6,129.7
PPTA_GHY,0,0,109.2
PPTA_GHY,0,1,125.65
PPTA_GHY,0,2,108.45
PPTA_GHY,0,6,141.9
PPTA_GHY,1,0,143.0
PPTA_GHY,1,2,150.65
PPTA_GHY,1,4,184.6
PPTA_GHY,1,5,136.8
PPTA_GHY,2,1,128.4
PPTA_GHY,2,5,179.4
PPTA_GHY,3,1,231.5
PPTA_GHY,3,2,168.05
PPTA_GHY,3,3,159.0
PPTA_GHY,3,4,237.8
PPTA_GHY,4,5,260.7
PPTA_GHY,5,3,235.2
PPTA_GHY,18,0,0.0
PPTA_GHY,18,1,0.0
PPTA_GHY,18,3,13.012
PPTA_GHY,18,4,22.264
PPTA_GHY,18,6,74.4
PPTA_GHY,19,0,32.05
PPTA_GHY,19,1,13.781
PPTA_GHY,19,2,45.375
PPTA_GHY,19,3,40.0
PPTA_GHY,19,4,54.1
PPTA_GHY,19,5,26.231
PPTA_GHY,19,6,35.257
PPTA_GHY,20,0,69.343
PPTA_GHY,20,1,76.7
PPTA_GHY,20,2,66.025
PPTA_GHY,20,3,81.26
PPTA_GHY,20,4,70.7
PPTA_GHY,20,5,71.975
PPTA_GHY,20,6,50.04
PPTA_GHY,21,0,85.05
PPTA_GHY,21,1,92.6
PPTA_GHY,21,2,65.44
PPTA_GHY,21,3,72.75
PPTA_GHY,21,4,61.66
PPTA_GHY,21,5,80.5
PPTA_GHY,21,6,59.4
PPTA_GHY,22,0,114.7
PPTA_GHY,22,1,88.82
PPTA_GHY,22,2,124.633
PPTA_GHY,22,3,83.48
PPTA_GHY,22,4,92.0
PPTA_GHY,22,5,103.5
PPTA_GHY,22,6,72.65
PPTA_GHY,23,1,89.5
PPTA_GHY,23,2,124.375
PPTA_GHY,23,4,141.0
PPTA_GHY,23,5,132.2
PPTA_GHY,23,6,108.1
PRYJ_CNB,0,3,190.7
PRYJ_CNB,15,0,29.45
PRYJ_CNB,15,1,14.8
PRYJ_CNB,15,2,46.45
PRYJ_CNB,15,3,36.0
PRYJ_CNB,15,4,0.0
PRYJ_CNB,15,5,26.378
PRYJ_CNB,15,6,37.9
PRYJ_CNB,16,0,21.173
PRYJ_CNB,16,1,37.475
PRYJ_CNB,16,2,40.506
PRYJ_CNB,16,3,36.292
PRYJ_CNB,16,4,46.543
PRYJ_CNB,16,5,52.7
PRYJ_CNB,16,6,29.488
PRYJ_CNB,17,0,66.52
PRYJ_CNB,17,1,49.067
PRYJ_CNB,17,2,72.525
PRYJ_CNB,17,3,87.38
PRYJ_CNB,17,4,77.886
PRYJ_CNB,17,5,71.35
PRYJ_CNB,17,6,61.78
PRYJ_CNB,18,0,100.8
PRYJ_CNB,18,1,96.25
PRYJ_CNB,18,2,114.32
PRYJ_CNB,18,3,79.433
PRYJ_CNB,18,4,79.9
PRYJ_CNB,18,5,115.75
PRYJ_CNB,18,6,88.829
PRYJ_CNB,19,0,126.85
PRYJ_CNB,19,1,93.3
PRYJ_CNB,19,2,138.75
PRYJ_CNB,19,3,127.94
PRYJ_CNB,19,4,130.3
PRYJ_CNB,19,5,140.7
PRYJ_CNB,19,6,85.5
PRYJ_CNB,20,0,121.4
PRYJ_CNB,20,1,137.5
PRYJ_CNB,20,2,123.6
PRYJ_CNB,20,3,165.05
PRYJ_CNB,20,6,121.8
PRYJ_CNB,21,0,193.1
PRYJ_CNB,21,1,197.5
PRYJ_DDU,11,0,22.9
PRYJ_DDU,11,1,0.0
PRYJ_DDU,11,2,0.0
PRYJ_DDU,11,4,7.111
PRYJ_DDU,11,6,28.1
PRYJ_DDU,12,0,18.399
PRYJ_DDU,12,1,12.673
PRYJ_DDU,12,2,33.78
PRYJ_DDU,12,3,22.923
PRYJ_DDU,12,4,6.844
PRYJ_DDU,12,5,25.406
PRYJ_DDU,12,6,15.252
PRYJ_DDU,13,0,44.607
PRYJ_DDU,13,1,43.362
PRYJ_DDU,13,2,38.373
PRYJ_DDU,13,3,45.341
PRYJ_DDU,13,4,41.502
PRYJ_DDU,13,5,40.911
PRYJ_DDU,13,6,37.417
PRYJ_DDU,14,0,58.027
PRYJ_DDU,14,1,43.771
PRYJ_DDU,14,2,42.519
PRYJ_DDU,14,3,60.724
PRYJ_DDU,14,4,41.897
PRYJ_DDU,14,5,55.412
PRYJ_DDU,14,6,49.2
PRYJ_DDU,15,0,60.014
PRYJ_DDU,15,1,92.288
PRYJ_DDU,15,2,76.8
PRYJ_DDU,15,3,84.645
PRYJ_DDU,15,4,97.02
PRYJ_DDU,15,5,78.243
PRYJ_DDU,15,6,76.93
PRYJ_DDU,16,0,90.95
PRYJ_DDU,16,1,125.14
PRYJ_DDU,16,2,123.74
PRYJ_DDU,16,3,102.25
PRYJ_DDU,16,4,98.6
PRYJ_DDU,16,5,66.95
PRYJ_DDU,16,6,117.62
PRYJ_DDU,17,0,145.1
PRYJ_DDU,17,2,124.0
PRYJ_DDU,17,3,89.8
PRYJ_DDU,17,4,147.5
PRYJ_DDU,17,5,94.733
RTM_BRC,11,0,0.0
RTM_BRC,11,3,45.6
RTM_BRC,11,4,0.0
RTM_BRC,11,6,66.6
RTM_BRC,12,0,3.32
RTM_BRC,12,1,24.486
RTM_BRC,12,2,15.105
RTM_BRC,12,3,23.743
RTM_BRC,12,4,15.5
RTM_BRC,12,5,29.143
RTM_BRC,12,6,26.025
RTM_BRC,13,0,56.7
RTM_BRC,13,1,53.189
RTM_BRC,13,2,32.128
RTM_BRC,13,3,61.643
RTM_BRC,13,4,46.506
RTM_BRC,13,5,29.521
RTM_BRC,13,6,41.667
RTM_BRC,14,0,82.35
RTM_BRC,14,1,84.467
RTM_BRC,14,2,92.333
RTM_BRC,14,3,82.967
RTM_BRC,14,4,89.3
RTM_BRC,14,5,84.95
RTM_BRC,14,6,91.433
RTM_BRC,15,0,121.3
RTM_BRC,15,1,114.8
RTM_BRC,15,3,119.0
RTM_BRC,15,4,69.5
RTM_BRC,15,5,121.6
RTM_BRC,15,6,138.45
RTM_BRC,16,0,120.6
RTM_KOTA,11,0,18.9
RTM_KOTA,11,2,0.0
RTM_KOTA,11,4,19.6
RTM_KOTA,11,6,31.0
RTM_KOTA,12,0,39.5
RTM_KOTA,12,1,25.542
RTM_KOTA,12,2,48.314
RTM_KOTA,12,3,33.583
RTM_KOTA,12,4,22.651
RTM_KOTA,12,5,12.648
RTM_KOTA,12,6,14.64
RTM_KOTA,13,0,42.543
RTM_KOTA,13,1,41.596
RTM_KOTA,13,2,37.641
RTM_KOTA,13,3,45.253
RTM_KOTA,13,4,30.848
RTM_KOTA,13,5,33.064
RTM_KOTA,13,6,48.933
RTM_KOTA,14,0,85.267
RTM_KOTA,14,1,80.983
RTM_KOTA,14,2,45.632
RTM_KOTA,14,3,60.6
RTM_KOTA,14,4,93.5
RTM_KOTA,14,5,87.76
RTM_KOTA,14,6,74.15
RTM_KOTA,15,0,21.622
RTM_KOTA,15,1,74.85
RTM_KOTA,15,2,32.431
RTM_KOTA,15,3,39.661
RTM_KOTA,15,4,43.184
RTM_KOTA,15,5,150.0
RTM_KOTA,15,6,0.0
RTM_KOTA,16,0,96.3
RTM_KOTA,16,1,51.388
RTM_KOTA,16,2,32.675
RTM_KOTA,16,3,17.367
RTM_KOTA,16,4,53.408
RTM_KOTA,16,5,32.445
RTM_KOTA,16,6,29.167
RTM_KOTA,17,0,78.333
RTM_KOTA,17,1,64.843
RTM_KOTA,17,2,39.067
RTM_KOTA,17,3,80.9
RTM_KOTA,17,4,72.26
RTM_KOTA,17,5,67.138
RTM_KOTA,17,6,98.4
RTM_KOTA,18,0,80.56
RTM_KOTA,18,1,65.65
RTM_KOTA,18,2,93.433
RTM_KOTA,18,3,95.367
RTM_KOTA,18,4,81.617
RTM_KOTA,18,5,72.5
RTM_KOTA,18,6,87.1
RTM_KOTA,19,1,110.4
RTM_KOTA,19,2,75.6
RTM_KOTA,19,3,126.0
RTM_KOTA,19,4,120.925
RTM_KOTA,19,5,87.9
RTM_KOTA,19,6,125.033
RTM_KOTA,20,0,134.1
RTM_KOTA,20,1,106.4
RTM_KOTA,20,2,165.8
RTM_KOTA,20,3,114.5
RTM_KOTA,20,6,125.9
RTM_KOTA,21,3,133.3
RTM_KOTA,22,2,218.9
RTM_KOTA,22,3,180.7
RTM_KOTA,23,6,170.4
SBC_DMM,5,0,25.536
SBC_DMM,5,1,5.016
SBC_DMM,5,2,15.031
SBC_DMM,5,3,9.425
SBC_DMM,5,4,20.767
SBC_DMM,5,5,12.681
SBC_DMM,5,6,19.969
SBC_DMM,6,0,12.441
SBC_DMM,6,1,13.011
SBC_DMM,6,2,19.26
SBC_DMM,6,3,16.131
SBC_DMM,6,4,13.022
SBC_DMM,6,5,23.188
SBC_DMM,6,6,10.931
SC_NGP,14,4,0.0
SC_NGP,15,0,13.156
SC_NGP,15,1,12.78
SC_NGP,15,2,0.0
SC_NGP,15,3,8.662
SC_NGP,15,4,21.8
SC_NGP,15,5,13.631
SC_NGP,15,6,36.633
SC_NGP,16,0,26.229
SC_NGP,16,1,49.84
SC_NGP,16,2,51.8
SC_NGP,16,3,46.9
SC_NGP,16,4,38.571
SC_NGP,16,5,61.517
SC_NGP,16,6,23.52
SC_NGP,17,0,71.114
SC_NGP,17,1,61.24
SC_NGP,17,2,71.12
SC_NGP,17,3,60.483
SC_NGP,17,4,57.28
SC_NGP,17,5,71.35
SC_NGP,17,6,59.271
SC_NGP,18,0,92.4
SC_NGP,18,1,75.2
SC_NGP,18,2,136.4
SC_NGP,18,3,73.8
SC_NGP,18,4,91.45
SC_NGP,18,5,73.55
SC_NGP,18,6,95.05
SC_NGP,19,0,102.55
SC_NGP,19,1,108.6
SC_NGP,19,2,131.8
SC_NGP,19,3,103.25
SC_NGP,19,4,161.4
SC_NGP,19,5,92.0
SC_NGP,19,6,137.533
SC_NGP,20,2,133.0
SC_NGP,20,3,105.4
SC_NGP,20,4,112.4
SC_NGP,20,5,133.55
SC_NGP,20,6,161.4
SC_NGP,21,5,151.0
SC_NGP,23,2,158.5
ST_BCT,0,0,154.3
ST_BCT,0,1,132.3
ST_BCT,0,2,139.7
ST_BCT,0,3,153.8
ST_BCT,0,4,109.85
ST_BCT,0,6,182.3
ST_BCT,1,0,136.2
ST_BCT,1,1,170.15
ST_BCT,1,2,140.4
ST_BCT,1,3,166.4
ST_BCT,1,4,147.6
ST_BCT,1,5,164.7
ST_BCT,2,0,193.7
ST_BCT,2,1,207.65
ST_BCT,2,4,171.05
ST_BCT,2,6,122.5
ST_BCT,4,0,206.9
ST_BCT,18,0,51.7
ST_BCT,18,1,60.3
ST_BCT,18,2,5.725
ST_BCT,18,4,29.85
ST_BCT,18,5,26.4
ST_BCT,19,0,0.0
ST_BCT,19,1,26.08
ST_BCT,19,2,47.825
ST_BCT,19,3,56.833
ST_BCT,19,4,54.225
ST_BCT,19,5,38.633
ST_BCT,19,6,38.7
ST_BCT,20,0,74.9
ST_BCT,20,2,52.14
ST_BCT,20,3,97.225
ST_BCT,20,4,28.325
ST_BCT,20,5,49.212
ST_BCT,20,6,58.857
ST_BCT,21,0,55.95
ST_BCT,21,1,79.82
ST_BCT,21,2,97.85
ST_BCT,21,3,70.0
ST_BCT,21,4,73.28
ST_BCT,21,5,64.25
ST_BCT,21,6,70.8
ST_BCT,22,0,97.55
ST_BCT,22,1,93.55
ST_BCT,22,2,88.733
ST_BCT,22,3,109.925
ST_BCT,22,4,91.5
ST_BCT,22,5,89.3
ST_BCT,22,6,108.5
ST_BCT,23,0,85.4
ST_BCT,23,1,112.467
ST_BCT,23,3,112.15
ST_BCT,23,4,83.3
ST_BCT,23,5,108.7
ST_BCT,23,6,76.3
ST_BRC,8,0,5.456
ST_BRC,8,2,1.616
ST_BRC,8,3,46.2
ST_BRC,8,4,4.422
ST_BRC,8,5,61.0
ST_BRC,9,0,30.748
ST_BRC,9,1,32.195
ST_BRC,9,2,7.875
ST_BRC,9,3,13.864
ST_BRC,9,4,38.76
ST_BRC,9,5,31.2
ST_BRC,9,6,19.787
ST_BRC,10,0,56.94
ST_BRC,10,1,49.58
ST_BRC,10,2,51.24
ST_BRC,10,3,38.486
ST_BRC,10,4,67.983
ST_BRC,10,5,19.533
ST_BRC,10,6,70.517
ST_BRC,11,3,127.55
ST_BRC,11,6,114.233
TDL_CNB,0,2,194.9
TDL_CNB,14,2,56.3
TDL_CNB,15,0,14.111
TDL_CNB,15,1,20.138
TDL_CNB,15,4,15.05
TDL_CNB,15,5,22.35
TDL_CNB,15,6,11.044
TDL_CNB,16,0,34.88
TDL_CNB,16,1,41.9
TDL_CNB,16,2,56.48
TDL_CNB,16,3,40.8
TDL_CNB,16,4,39.6
TDL_CNB,16,5,37.7
TDL_CNB,16,6,29.098
TDL_CNB,17,0,63.717
TDL_CNB,17,1,72.117
TDL_CNB,17,2,76.467
TDL_CNB,17,3,53.67
TDL_CNB,17,4,73.944
TDL_CNB,17,5,76.32
TDL_CNB,17,6,63.757
TDL_CNB,18,0,102.45
TDL_CNB,18,1,90.12
TDL_CNB,18,2,104.425
TDL_CNB,18,3,101.95
TDL_CNB,18,4,139.85
TDL_CNB,18,5,95.38
TDL_CNB,18,6,52.7
TDL_CNB,19,0,124.7
TDL_CNB,19,1,93.4
TDL_CNB,19,3,134.8
TDL_CNB,19,4,140.4
TDL_CNB,19,5,109.4
TDL_CNB,20,0,182.7
TDL_CNB,20,1,138.3
TDL_CNB,20,2,119.25
TDL_CNB,20,3,128.8
TDL_CNB,20,4,92.0
TDL_CNB,20,6,133.7
TDL_CNB,21,2,187.4
TDL_CNB,21,3,158.1
VGLJ_BPL,11,3,19.9
VGLJ_BPL,11,6,31.1
VGLJ_BPL,12,0,22.848
VGLJ_BPL,12,1,14.988
VGLJ_BPL,12,2,6.464
VGLJ_BPL,12,3,27.904
VGLJ_BPL,12,4,35.29
VGLJ_BPL,12,5,75.275
VGLJ_BPL,12,6,49.925
VGLJ_BPL,13,0,49.79
VGLJ_BPL,13,1,54.0
VGLJ_BPL,13,2,49.41
VGLJ_BPL,13,3,36.276
VGLJ_BPL,13,4,44.73
VGLJ_BPL,13,5,31.922
VGLJ_BPL,13,6,46.022
VGLJ_BPL,14,0,110.675
VGLJ_BPL,14,1,73.733
VGLJ_BPL,14,2,91.45
VGLJ_BPL,14,3,77.7
VGLJ_BPL,14,4,71.14
VGLJ_BPL,14,5,64.36
VGLJ_BPL,14,6,77.3
VGLJ_BPL,15,0,110.85
VGLJ_BPL,15,2,89.95
VGLJ_BPL,15,3,94.167
VGLJ_BPL,15,6,89.8
VGLJ_BPL,16,6,109.4
